"FAU","RPL34","CNPPD1","GPX1","SSR4","RPS18","ETS2","EPB41L2","RPS4Y1","TDP2","LEPROTL1","ZMYM2","MVD","DOCK1","HEBP2","PTPN18","PLXNA3","PSEN2","RAB40B","SLC22A5","IPO8","HABP2","RNH1","ADORA3","MAP3K13","206446_s_at","SYCP2","PPEF1","APMAP","HCG4","WNT11","PTH2R","FRMPD1","CUBN","ACRV1","206777_s_at","CRYBB2","ASMT","GAD2","DNAJC4","FGF4","AQP8","206785_s_at","HTN3","BRDT","POU2F1","NDUFB1","PDE4C","PNMT","ERBB4","F2RL2","WISP1","NAT2","DLEC1","SCGB1D2","MTHFR","NPPB","PAX5","PDYN","CD3G","SEMA3A","DGKI","HNRNPA3P1","206809_s_at","ZNF44","PPP1R3A","PAGE1","CASP7","SLC10A1","MITF","RPS2P45","207759_s_at","207915_at","DGKD","208426_x_at","208525_s_at","PPP6R1","SMPD1","211430_s_at","CHD8","212578_x_at","PIAS4","LOC92249","LOC100506963","DOK2","215247_at","216093_at","216636_at","216729_at","ADAM15","ZNF706","MUL1","RMND5B","TMEM134","TSPAN15","EPS8L1","CDKN2AIP","C7orf26","RGS17","CNNM3","KCTD13","controls"
"12.050856","12.407825","6.709782","11.433432","11.05018","13.321967","8.363346","7.216869","11.809098","9.516687","8.147672","5.367446","5.398879","6.591784","9.281751","7.508861","4.900078","5.501396","5.913324","5.527325","5.450565","3.894356","6.303529","6.334769","4.411701","4.011422","3.47396","3.871836","8.677602","3.688196","5.08084","3.368497","3.915646","4.182871","3.942738","6.142392","4.998018","3.667482","3.635744","4.894688","5.405329","4.227987","4.698629","3.233088","3.374001","5.844922","10.806235","6.741869","6.070435","4.868869","3.07762","4.179061","3.97578","5.007561","3.491324","5.078954","4.885785","4.509036","3.554187","4.551871","4.709692","3.847239","3.048649","8.018274","5.159977","3.064613","4.294757","7.410967","4.577269","7.527224","3.683828","3.258087","4.217896","7.555268","3.716067","3.438301","6.233262","5.711457","10.854135","6.390975","12.886792","5.44064","4.839383","5.528001","7.509764","4.534464","3.512524","3.313988","3.661876","5.507879","9.349845","7.616086","6.654069","6.929922","7.212789","5.336762","5.982268","5.839457","3.349739","6.621027","4.644887","0"
"11.575834","12.284257","6.615183","10.876854","10.172567","13.155377","9.611151","7.450974","11.476131","9.392414","7.635465","5.57171","5.408419","6.205484","8.889127","7.027851","5.164635","5.175145","5.289876","5.817375","5.302272","3.888339","6.31857","5.819514","4.447167","3.530334","4.1079","3.419917","8.809746","3.890752","5.125142","3.25833","3.633517","4.169754","4.128437","5.492328","4.634742","3.585987","3.6006","4.841617","5.143708","3.903915","4.417424","3.315494","3.320403","6.504139","10.594547","6.757726","5.898962","4.36943","3.300019","4.529471","4.396192","5.269424","3.349975","4.69198","4.150092","4.676626","3.619179","4.134689","4.605661","3.568958","3.152482","8.050719","5.172753","3.129137","3.637169","7.293087","4.690489","7.192047","3.567611","3.365858","4.340201","7.690386","3.968799","3.311331","6.176257","5.430926","9.112497","6.453044","12.904962","5.201982","4.555888","5.604474","7.547962","4.359124","3.236368","3.498203","3.397229","5.006492","8.842113","7.515929","6.289412","6.762628","6.889446","4.945","5.658026","5.623734","3.584362","6.329524","4.855092","1"
"11.728075","12.53105","6.295003","10.830195","10.748296","13.102316","9.634387","8.545791","11.415775","9.069952","7.826775","6.560536","5.187321","6.554696","8.793121","6.830819","4.819975","5.492034","5.600507","5.66478","5.823244","3.709133","6.215038","4.495967","4.922786","4.395343","3.515654","3.518679","8.49276","3.948728","5.177784","3.215445","3.664734","3.840033","4.055338","4.763924","4.611587","3.608209","3.587505","4.743418","5.172633","3.86961","3.83618","3.105673","3.120252","5.988029","10.895897","6.56","5.159657","4.633204","3.292032","4.117215","4.163235","4.724015","3.375622","4.707129","4.674771","4.389609","3.695683","4.224579","4.725279","3.50337","3.305098","8.462449","4.936623","3.043587","3.780443","7.40033","4.495356","7.518143","3.291848","3.05136","4.072002","7.792043","3.893608","3.322401","6.028715","5.277364","10.377705","6.413372","12.814076","4.883862","4.468771","5.360456","7.148247","4.407564","3.336425","3.413759","3.609238","5.242205","8.933309","7.396927","6.402661","6.781529","6.620356","5.27331","5.850904","5.784634","3.276401","6.309398","4.642087","1"
"12.014662","12.53105","6.977203","11.354549","10.540548","13.283458","8.568684","7.884013","11.680719","9.247861","8.528425","5.096748","5.417235","6.258932","9.079982","7.475142","5.290945","5.502027","5.706077","6.302677","5.057355","3.906247","6.578014","6.781529","4.402927","3.354419","3.484544","3.501443","8.745642","3.8355","5.009719","3.281815","3.71202","4.014808","4.166961","5.135287","4.697636","3.478886","3.620772","4.992416","5.289206","4.199283","4.5885","3.226347","3.133868","6.167634","10.86888","6.809465","7.260129","4.717062","3.324188","4.059951","4.289869","5.02146","3.547184","4.789792","4.516633","4.3401","3.608276","4.444459","4.455517","3.582032","3.093696","8.041651","5.011765","3.248195","3.585023","7.350275","4.829801","7.386659","3.699685","3.201775","4.430384","7.522075","3.904673","3.464436","6.053977","5.42942","10.789329","6.326008","12.886792","5.20687","4.634371","5.893255","7.838822","4.146343","3.117954","3.544455","3.646945","5.491982","9.288506","7.939245","6.866926","7.103973","6.858636","5.133557","6.346976","5.832763","3.493098","6.820396","4.871625","0"
"11.959756","12.621624","6.6494","11.020827","10.913204","13.162223","8.641325","7.924941","11.385202","8.715348","7.784371","6.785733","4.696289","6.603606","8.519734","7.324315","5.106525","5.19711","5.630431","5.391227","5.312712","3.997136","6.270737","5.19361","5.248189","4.08174","3.466067","3.543935","8.471486","3.780601","4.853365","3.345099","3.837721","4.182632","4.094812","4.545273","4.610119","3.537861","3.626478","4.877176","5.347943","4.002155","4.284316","2.920301","3.121334","6.759981","11.127812","6.764369","6.152055","4.758005","3.304822","3.712954","4.057545","4.982916","3.444335","4.747313","4.345331","4.456909","3.61983","4.550396","4.469571","3.536243","3.167443","7.826876","5.091867","3.089895","3.713363","7.371377","4.475342","8.250134","3.436674","3.278809","4.131914","7.655808","3.942323","3.333536","6.334769","5.531437","11.381465","7.107017","12.936343","5.124948","4.949323","5.73461","7.288645","4.261728","3.315202","3.464436","3.575132","5.096105","8.753427","7.648459","6.462608","6.686149","6.722473","5.188263","6.147521","5.937459","3.437725","7.36105","4.60073","1"
"11.571515","12.536812","6.480616","11.038648","10.590751","13.155377","8.798896","8.427244","11.373912","8.898356","7.777159","5.91121","5.071797","6.851022","8.55596","7.217596","4.815714","5.215611","5.404734","5.487908","5.404992","3.953968","6.149435","5.145874","4.515387","3.543525","3.70389","3.466067","8.751705","4.040873","5.115688","3.531224","3.722048","4.170996","4.058156","5.414445","4.869887","3.678949","3.716797","5.062719","5.559233","4.235182","3.783074","3.264147","3.184452","6.121195","10.476395","6.900043","6.554034","4.545971","3.354199","3.800316","4.124614","4.924546","3.457311","4.962123","4.467565","4.457152","3.633182","4.724695","4.626449","3.796383","3.110316","7.478856","5.119615","3.060204","3.585427","7.424892","4.772064","7.95631","3.520622","3.29738","4.229368","7.784576","4.124252","3.593259","6.301784","5.444015","11.902396","7.209539","12.784671","5.009987","4.562032","5.506611","7.706459","4.180703","3.25833","3.450858","3.499415","4.850104","8.925345","7.616086","6.755016","6.582021","6.297512","4.925337","5.727308","5.974809","3.562059","6.900931","4.745082","1"
"12.096831","12.414482","6.787021","11.283747","10.987456","13.412951","8.483468","7.447592","5.1248","9.000727","7.952364","5.525184","5.198188","6.085012","9.05503","7.020145","4.800697","5.325048","5.364574","5.774622","4.776544","3.885097","6.196701","5.214789","4.056164","3.519911","3.557295","3.718603","8.932605","4.012436","4.795644","3.107509","3.791024","3.939108","3.944714","4.988354","4.556101","3.855325","3.415522","4.902172","5.379096","4.17047","3.800396","3.198986","3.058428","5.824147","10.724136","6.506144","5.322434","4.133069","3.150662","6.050592","4.223492","4.700373","3.402746","4.549944","4.31271","4.327414","3.597076","3.957389","4.600836","3.477369","3.432635","8.314824","4.871303","3.092282","3.78327","7.530964","4.587607","7.402801","3.32739","3.23415","3.994862","7.804787","3.887747","3.302784","6.462261","5.709644","11.216258","7.136499","13.02917","5.204125","4.643505","5.695471","7.049226","4.326822","3.451819","3.495216","3.618271","5.427061","8.990538","7.485441","6.561836","6.728047","6.930644","5.164886","5.499374","6.009005","3.495669","5.911951","4.803145","1"
"11.786787","12.611921","6.805573","11.258788","10.200236","13.048701","9.103105","8.482836","5.558924","8.89343","7.684966","5.426265","5.022845","6.764732","8.646199","7.468142","4.544836","5.329659","6.004167","6.049837","4.809947","4.038422","6.201662","5.694937","4.160697","3.591423","3.883274","3.575551","8.574536","3.79785","5.305477","3.199579","3.796069","3.948455","4.297998","4.195184","4.627575","3.59027","3.554966","4.705322","5.343528","4.522701","4.514561","3.056208","3.137219","6.431382","10.890932","7.231162","7.136846","4.255247","3.417536","4.103513","4.670139","5.413647","3.648517","4.804967","4.305952","4.755037","4.199778","4.67798","4.262024","3.832242","2.842258","7.198543","4.931618","3.105216","3.600395","7.876531","4.701566","7.890751","3.568038","3.354673","4.247556","8.070749","4.141386","3.707137","6.456511","5.697251","11.675667","7.324104","12.821864","5.028253","4.296773","5.584695","7.438982","4.111886","3.455275","3.368933","4.005435","4.817904","9.172462","7.525734","6.310406","6.60803","6.874892","5.2004","5.61907","6.01927","3.574392","6.869272","5.174267","1"
"11.963239","12.71219","6.696141","10.876854","10.494193","13.272497","9.607822","7.984686","5.003554","8.89087","7.753358","5.450372","5.420061","6.980978","8.866493","6.973954","4.41677","5.350475","5.749338","5.446183","5.05208","4.265442","6.296047","5.671589","3.796278","3.393914","3.526202","3.356372","8.718176","3.774878","5.373406","3.310689","3.783822","3.726457","4.133743","4.375725","4.801867","3.466399","3.563098","4.885167","5.451713","4.525789","4.736586","3.307378","3.238507","5.791064","10.769907","7.027964","6.180769","4.8291","3.430258","4.229883","3.953968","5.232239","3.474424","4.891011","4.297813","4.395884","3.871951","4.689648","4.5885","4.217548","3.227626","7.871609","4.649274","2.975934","3.673598","7.273643","4.809223","7.476564","3.499222","3.440033","4.230318","8.230223","4.17687","3.424044","5.726183","5.441954","10.938829","6.952706","12.904962","4.847849","4.694323","5.329568","7.484832","4.344242","3.201514","3.577837","3.500051","5.022022","8.855605","7.608108","6.594429","6.541591","6.621926","5.185545","5.353996","6.043415","3.683706","6.41731","4.728131","0"
"12.258474","12.694889","6.980781","11.200063","11.441851","13.427871","9.134065","7.134363","11.834838","8.25968","8.106591","4.581406","5.445572","7.092108","9.330795","7.797744","5.767143","5.530292","5.629786","6.313394","4.316737","4.557852","6.83857","5.021138","4.002545","3.500973","3.285879","3.77377","9.058666","3.790444","5.805305","3.417336","4.04609","4.325161","4.672696","6.022477","4.810453","3.701101","3.855816","4.830499","5.453042","4.169754","3.946773","3.36825","3.294919","5.888073","10.910563","6.692253","5.47577","4.455598","3.30027","5.445599","4.576502","5.254026","4.091469","4.76901","4.35982","4.613239","3.927225","4.732724","4.516207","3.651141","3.112445","8.176455","4.711633","3.213012","3.573249","7.620675","4.667774","6.325381","3.542776","3.429864","4.60385","8.315301","4.778021","3.47396","7.093008","5.886353","9.286925","6.231343","12.99757","4.905299","4.933479","5.970256","8.141852","4.539841","3.162531","3.721352","3.319019","6.095378","9.22472","8.12164","7.16105","7.872899","7.358156","5.427126","4.826984","6.196381","4.268063","6.728331","5.338991","0"
"11.963239","12.796074","7.255139","10.328921","10.339043","13.187474","8.803124","7.753833","11.487232","8.662342","7.666","4.920531","5.976403","7.128785","8.607894","7.128315","5.344938","5.401421","5.917623","6.558443","4.439654","3.985201","6.415268","4.27155","4.043806","3.345988","3.498868","3.188132","8.682799","3.936916","5.384203","3.41658","3.919242","3.809396","4.067278","5.970256","5.041802","3.559358","3.608578","4.979504","5.213429","3.815833","3.721699","3.205796","3.151578","5.850904","10.884895","7.014079","5.615092","5.145643","3.461492","3.982363","4.324354","4.960688","3.655987","4.736749","4.398906","4.782444","3.876145","4.241963","4.546632","3.663403","3.144133","7.79323","5.074114","3.139281","3.50618","7.926817","4.824764","7.663263","3.514964","3.400686","4.495564","8.046483","3.84634","3.518885","6.261987","5.541","10.830195","7.322234","12.911183","5.408236","4.766407","5.962819","7.890237","4.296198","3.106434","3.530733","3.812259","5.057355","9.147449","7.635997","6.808923","6.922712","7.841394","5.685697","5.311588","6.253947","3.393514","6.607722","5.273601","0"
"11.871765","12.53105","6.706776","11.262925","10.97865","13.508342","8.515072","7.348193","11.564294","8.767782","7.957914","5.187917","5.426111","6.416601","8.712704","7.432821","4.656205","5.229828","5.418016","5.43803","5.095867","3.854612","6.256275","5.469498","4.08545","3.669623","3.564915","3.545876","8.832227","4.114944","4.814945","3.308456","3.779571","3.983122","4.058789","7.046724","5.004689","3.685734","3.473932","5.344472","5.578506","3.992796","4.828279","3.126605","3.011776","5.86973","10.808709","6.825752","5.789458","4.544995","3.117075","4.920834","4.072002","4.99654","3.422561","4.836328","4.228584","4.412224","3.753176","4.2787","4.704222","3.398313","3.123977","7.313081","4.647503","3.055802","3.800396","7.579428","4.258604","7.26236","3.468501","3.321327","4.267595","7.416006","3.709797","3.582438","6.291321","5.54421","12.435512","6.863304","12.923441","5.027606","4.614243","5.009965","7.551403","4.441408","3.543343","3.291383","3.546573","5.193249","9.099684","7.582168","6.330408","6.657524","7.103973","5.211931","5.408419","5.851919","3.63067","6.486807","4.659732","1"
"11.733229","12.53105","6.360143","10.980888","10.871313","13.272497","9.201755","7.783858","11.657816","9.306002","8.055493","6.083925","5.068673","6.208807","8.853652","7.057849","4.631695","5.139562","5.506667","5.763326","6.024415","3.872401","6.372333","5.732414","4.448434","3.710548","3.428868","3.628577","8.667337","3.814788","4.93209","3.121334","3.596569","3.878498","4.010666","6.069744","4.653411","3.488519","3.542542","4.670266","5.332674","3.845267","4.425154","3.074985","3.381593","5.621092","10.907842","6.587","5.970827","4.409898","3.276177","4.895152","3.852828","4.930493","3.336425","4.824566","4.501769","4.500229","3.466529","4.301261","4.724695","3.569267","3.029762","8.754451","4.747696","2.983083","3.878657","7.312041","4.336147","7.359507","3.325138","3.106084","4.124614","7.538463","4.025496","3.242346","5.999903","5.338315","8.605915","6.435355","12.828385","4.958101","4.617397","5.511863","6.952706","4.226066","3.286844","3.326427","3.353258","5.312456","9.030393","7.375736","6.392901","6.690383","6.688794","5.074911","6.034884","5.762595","3.372596","6.335932","4.537932","1"
"11.972335","12.521891","6.819268","11.078106","10.876854","13.19792","8.879708","8.132736","11.759582","9.062678","7.928323","5.051581","5.411904","6.338259","8.89231","7.419687","4.898112","5.276376","6.159315","5.869421","5.525201","3.567813","6.349794","5.347396","4.717941","3.702412","3.429296","3.813104","8.656604","3.657872","5.308911","3.247023","4.118786","3.699229","4.018059","5.677506","5.043798","3.480943","3.590728","5.123256","5.476106","4.2024","5.221913","3.201188","3.320848","6.331239","10.944889","6.853627","6.950738","4.439785","3.119582","3.958495","3.996917","5.474461","3.461492","5.18284","4.685268","4.603242","3.586326","4.548489","4.83345","3.678544","3.182141","7.515601","5.089997","3.043421","3.930779","7.618256","4.349357","7.356406","3.414461","3.128515","4.009502","8.042031","3.90813","3.381378","6.375157","5.72343","9.629336","6.50241","12.768643","5.056432","4.812169","5.542416","7.671254","4.206988","3.40572","3.488586","3.723384","5.263693","9.102694","7.581254","6.59066","6.89606","6.968051","5.469764","5.92938","5.875337","3.37025","6.284342","4.498649","1"
"11.902396","12.694889","7.001494","11.39261","10.472874","13.253095","8.01171","7.125152","5.231582","9.269954","8.321448","5.47004","5.242554","6.963299","8.627318","7.484957","5.292455","5.483948","5.764981","6.444728","4.651827","4.845759","6.184087","6.839076","4.48268","3.207686","3.464612","3.144015","8.968386","4.489402","4.924657","3.350215","3.904673","3.951987","4.057284","4.504202","4.615657","3.621245","3.515349","5.230058","5.551647","3.959848","5.534509","3.191029","3.60058","6.12095","10.983697","6.979057","5.364215","5.453502","3.138427","3.968157","3.957321","4.850187","3.453628","4.808092","4.340201","4.575086","3.358172","4.585134","4.208267","3.900025","3.0072","7.427972","5.043559","2.951315","3.444544","7.743001","4.490563","7.774222","3.694131","3.423424","3.759802","8.386471","3.965784","3.410909","6.547019","5.211277","11.036105","7.19468","12.828385","5.266751","4.732982","6.031359","8.301197","4.42103","3.24825","3.241539","3.313474","4.513071","9.364834","7.398453","6.802232","6.924004","7.595118","5.66383","5.799078","6.102403","3.705468","6.95141","5.18101","0"
"11.834838","12.483968","6.688264","10.808709","10.411847","13.19792","9.313327","8.452897","11.31245","8.897704","7.587152","5.972498","5.391496","6.500373","8.491912","7.18185","4.649701","5.227219","5.660867","5.749383","5.471003","3.920384","6.235372","6.272596","4.686996","3.527795","3.612328","3.516164","8.648435","4.245585","5.079735","3.233649","3.76334","3.892468","4.074348","4.741171","4.638264","3.463232","3.519765","4.926282","5.413906","4.133439","4.320871","2.908047","3.236072","6.244683","10.777102","6.823937","5.929714","4.658374","3.202812","4.269021","3.973878","4.795484","3.31881","4.644739","4.16614","4.494804","3.709586","4.151961","4.761711","3.519069","3.139065","7.772343","5.133858","3.054958","3.758806","7.317933","4.581685","7.409972","3.444731","3.373823","4.00718","7.879539","3.801811","3.391428","6.409632","5.671178","11.047364","7.117275","12.768643","5.124637","4.4543","5.268719","7.193697","4.004869","3.397856","3.246568","3.640717","5.073248","9.141764","7.636704","6.732473","6.560126","6.752811","5.144018","5.468921","6.022539","3.354199","6.751814","4.926092","1"
"11.759582","12.507809","6.923371","10.646318","10.340745","13.217192","8.583299","7.767674","11.1539","8.832819","7.633536","5.109942","6.055746","6.547662","8.500632","6.904668","4.892759","5.196608","5.430695","5.964912","4.89731","3.869284","6.258161","4.954815","4.043901","3.403913","3.496306","3.409487","8.503649","3.916509","5.060033","3.201514","3.676102","3.860701","4.006106","5.799078","4.801609","3.37604","3.465942","5.001895","5.559971","4.085423","3.722427","3.222661","3.266271","5.931274","10.803598","6.874443","5.254892","4.317997","3.263444","5.230819","4.121433","4.770727","3.545443","4.748731","4.42629","4.458728","3.795129","5.02648","4.404272","3.783673","3.117335","8.129152","5.057252","3.16169","3.592418","7.69318","4.592201","7.439099","3.330008","3.36738","4.02804","8.092238","3.988247","3.285596","6.168734","5.531152","11.507882","7.449055","12.734808","5.075063","4.448797","4.955942","7.531284","4.248072","3.330892","3.471725","3.484964","5.334511","9.231983","7.357723","6.29352","6.653656","6.733508","5.136464","6.081902","5.956118","3.541839","6.591784","5.117535","1"
"11.972335","12.396865","6.972369","11.080495","10.794245","13.094557","9.152732","7.807261","6.164839","8.755384","7.830535","5.022162","5.268719","6.468575","9.140475","7.463985","5.241323","5.544855","5.825535","6.118447","4.951156","3.767736","6.488684","5.458213","4.326417","3.515859","3.29618","3.517244","8.864732","4.031808","5.260443","3.477369","3.691093","4.242434","4.26256","5.41285","4.340896","3.600218","3.845662","4.87511","5.225382","3.979231","3.676268","3.261831","3.173873","5.699928","11.269223","6.577722","6.345812","4.28394","3.305792","4.860842","4.213129","4.790554","3.546727","4.850705","4.171868","4.373105","3.728472","4.072002","4.618383","3.716806","2.953363","7.898038","4.839083","3.163232","3.60968","7.622183","4.625057","7.405334","3.289594","3.250675","4.194835","8.071076","4.059119","3.510615","6.283156","5.767104","10.904867","6.459646","12.87003","5.226903","4.797702","5.700315","7.694168","4.182435","3.473641","3.480251","3.397229","5.191446","9.190414","8.029176","7.254877","7.186373","6.714748","5.083924","5.685515","5.97789","3.614854","6.499222","4.900587","1"
"11.954979","12.369717","7.080669","11.407377","11.377843","13.295608","8.460912","6.524857","11.982093","8.614983","7.895834","4.688087","5.872663","5.61907","9.666603","7.767918","5.053828","5.438301","6.380673","5.862623","4.46031","4.023703","6.656582","6.576559","4.028126","3.400015","3.162084","3.570443","9.063391","4.594816","5.266568","3.329593","3.561281","3.994932","4.259476","5.232798","4.751263","3.528786","3.719666","5.014012","5.328264","3.672572","4.184535","3.175825","3.440033","5.941913","11.483399","6.608868","5.640086","3.930102","3.212123","4.713485","4.781543","4.964532","3.583277","4.831032","4.603353","4.528404","3.682103","4.533848","4.491784","3.483832","3.084016","7.700523","4.657026","3.194812","3.557487","7.390884","4.937935","7.237118","3.272388","3.203031","4.555425","8.001403","4.256702","3.547585","6.502558","6.109275","10.992944","6.098517","13.02917","5.354369","4.810713","6.225775","7.948124","4.611587","3.199881","3.313005","3.3512","6.065869","9.306894","7.938006","6.819633","7.558217","7.309222","5.47511","5.217647","5.904156","3.697074","6.789819","5.183339","0"
"11.786787","12.642906","6.639125","11.033265","10.65643","12.99757","9.340869","8.741613","6.686149","9.108595","8.022006","6.495974","5.095615","6.570602","8.723572","6.880981","4.752764","5.506957","5.499322","5.566634","5.772199","3.934183","6.361863","4.796948","4.714797","3.76669","3.409284","3.56288","8.561277","3.625904","5.200728","3.288014","3.578051","3.939108","4.070308","5.533296","4.809947","3.601761","3.591522","4.759159","5.204522","3.947318","4.272628","3.128515","3.158468","6.221181","11.181697","6.746023","5.432072","4.758398","3.129106","4.395014","4.021482","4.728894","3.354419","4.751642","4.333971","4.373371","3.710027","4.567158","4.998324","3.465047","3.086216","8.70267","5.335481","3.034394","3.627141","7.696884","4.428433","7.591597","3.587442","3.168385","4.141585","7.717769","3.907069","3.253635","6.010505","5.485673","11.156547","6.563414","12.688588","4.901498","4.706768","5.489128","7.38444","4.490786","3.295719","3.321327","3.393514","5.167314","9.046858","7.477612","6.611715","6.811794","6.955874","5.103957","6.295604","5.819004","3.537062","6.29101","4.610385","1"
"11.854154","12.483968","6.939133","11.089798","10.646318","13.155377","9.321206","8.134136","11.465298","9.079258","7.725028","5.52242","5.359369","6.329524","8.997776","7.412925","4.695369","5.292568","5.507057","5.551647","5.179527","3.831912","6.164858","5.510917","4.336794","3.513817","3.382708","3.664645","8.678815","3.825063","5.163744","3.198986","3.875045","4.157275","4.170319","4.444258","4.767766","3.60704","3.835349","5.122244","5.58842","4.418615","4.739345","3.236368","3.268844","5.462239","10.560469","6.875155","7.515258","4.839156","3.196727","3.871143","3.998506","5.012762","3.299597","4.923115","4.436334","4.709607","3.511618","4.755757","4.551871","3.648623","3.03151","7.853453","5.075802","3.163417","3.807716","7.546469","4.41677","7.562582","3.477774","3.346975","4.36627","7.762137","3.674726","3.658415","6.183281","5.453669","12.949383","7.243923","12.740516","4.885447","4.933691","5.534509","7.106047","4.067599","3.597679","3.309239","3.674402","4.546899","9.013373","7.715766","6.804622","6.346303","6.515117","5.323406","5.654161","6.002482","3.576672","7.062092","4.657874","1"
"11.507882","12.40282","6.412717","11.262925","10.581132","12.970788","8.899098","8.598903","11.369155","8.71748","8.060894","6.67644","4.897835","6.406629","7.761807","7.213143","4.786952","5.096407","5.367613","6.175564","5.572175","3.737383","6.413909","5.41692","4.863064","3.885483","3.562672","3.427993","8.507148","3.539826","5.10403","3.207932","3.726457","4.028903","4.012601","4.744764","5.084217","3.617609","3.480576","4.677777","4.940022","3.854612","5.827658","3.258087","3.352335","6.274403","10.686321","6.664934","6.228175","4.771476","3.246089","4.998896","3.82401","4.983266","3.243099","4.830366","4.356257","4.352356","3.633003","4.366444","4.613473","3.726006","3.251462","8.614983","5.054383","3.039067","3.611747","7.781207","4.422053","7.421401","3.568206","3.337375","3.992604","7.469002","4.016246","3.27191","6.161707","5.402674","11.929205","6.52529","12.456827","4.932314","4.538111","4.940936","7.148247","4.479368","3.353922","3.18998","3.735241","5.262039","9.205294","7.388122","6.273125","6.758303","6.736421","4.91477","5.893255","5.75122","3.478927","6.224694","4.572838","1"
"11.929205","12.423385","6.600872","11.078106","10.670332","13.162223","9.382731","7.859647","11.568139","8.880353","7.958676","5.225733","5.826045","6.475291","8.822398","7.342521","4.839874","5.292337","5.809893","5.733021","5.45483","3.654188","6.311907","5.304367","4.335957","3.798689","3.587442","3.40572","8.475946","4.285341","5.035092","3.129402","3.802013","4.016819","3.895394","4.7633","4.682575","3.671229","3.575232","4.813316","5.310522","3.860049","4.789795","3.259707","3.419917","5.714425","10.708211","6.889611","6.55773","4.542272","3.152482","4.08436","3.583277","5.027948","3.398203","5.063537","4.47563","4.475237","3.7012","4.46149","4.569796","3.721352","3.138427","7.966616","5.005622","2.97341","4.397789","7.535351","4.305952","7.442766","3.386322","3.096507","4.14467","8.185081","4.009683","3.383252","6.21074","5.768553","10.469062","6.762989","12.746213","5.107341","4.541802","5.287722","7.348496","4.205304","3.348177","3.461072","3.555917","5.226752","8.808805","7.385791","6.502886","6.738151","6.98032","5.389823","5.916463","5.954738","3.243099","6.307659","4.760716","1"
"11.963239","12.446056","6.743009","11.147496","10.748296","13.283458","8.730101","8.633302","5.620169","8.86882","8.019333","5.152206","5.138949","6.649055","8.901893","7.300233","4.849795","5.189235","5.8581","5.490701","5.009454","3.87645","6.376339","5.067745","4.149492","3.565234","3.420496","3.520411","8.180408","3.546727","4.980142","3.149689","4.173219","4.168474","4.085632","6.650266","5.088689","3.656604","3.529138","4.804827","5.401547","4.230318","3.567026","3.192828","3.225152","6.275936","10.842198","6.601589","5.684565","4.329808","3.119848","4.732296","4.222227","5.121131","3.550605","5.293121","4.339755","4.477933","3.551559","4.365255","4.869632","4.07313","2.951217","7.695513","5.189151","2.942303","3.84165","7.823608","4.577546","7.379338","3.511882","3.393514","4.35286","7.486669","3.956721","3.370823","6.159572","5.731899","11.814818","6.609967","12.723359","5.02704","4.716335","5.769662","7.259617","4.46031","3.235578","3.327158","3.412598","5.263693","9.128016","7.453875","6.174257","6.540751","6.865221","5.381965","5.724608","5.823578","3.423661","6.070435","4.860483","1"
"12.126086","12.479622","6.805271","11.033265","10.508655","13.262523","8.696794","7.87318","11.429179","9.103252","7.829345","5.832795","5.015929","6.653656","8.870012","7.281347","5.159182","5.251412","6.104768","5.733617","4.887218","3.758591","6.107627","5.067383","4.687294","3.480876","3.553501","3.462101","8.604299","3.709398","4.90386","3.274779","3.517804","3.936533","3.9577","4.853365","4.495356","3.559605","3.507592","5.060544","5.413325","3.84232","4.498573","3.246089","3.086984","6.295604","10.874089","6.954942","6.231632","5.403651","3.008745","3.996795","3.900443","5.588704","3.393726","4.764262","4.091631","4.53899","3.71074","4.415207","4.366058","3.65937","2.974665","7.761435","5.098522","3.085733","3.785015","7.325843","4.383468","8.16205","3.622327","3.267886","4.237","8.02275","3.86961","3.464799","6.462877","5.356921","11.543865","7.264367","12.852808","5.13176","4.529631","5.650202","7.716139","4.0532","3.220863","3.384253","3.641499","4.857768","9.163135","7.471372","6.545991","7.246114","7.291189","5.243463","5.936054","5.91382","3.682103","7.004646","5.11682","1"
"12.254658","12.740516","7.213927","11.507882","10.658543","13.382932","8.477967","7.22237","11.786787","8.614472","8.224884","4.532087","5.305165","7.258936","9.246319","7.793224","5.61907","5.384463","5.761186","6.35225","4.169188","4.355789","6.717307","6.974328","4.019388","3.294919","3.199579","3.730977","8.973609","4.416518","5.456113","3.643287","3.725801","4.114511","4.639748","5.566998","4.693441","3.767932","3.82267","4.892504","5.278861","4.233029","3.769486","3.397451","3.095349","6.400236","10.907842","6.843896","7.167312","4.889074","3.264147","4.713084","4.51546","5.478266","3.76334","4.663375","4.307907","4.695922","3.997972","4.559377","4.089588","3.714147","3.062402","7.949369","4.978806","3.326966","3.306242","7.023151","4.885255","6.942192","3.664392","3.511227","4.607251","8.355545","4.921115","3.52229","6.561836","5.82744","9.492903","6.382115","12.917427","5.273808","4.897105","6.08952","8.107847","4.648393","3.138427","3.462338","3.30027","5.43876","9.306894","8.060094","7.171062","7.494605","8.159484","5.526054","5.394902","6.294584","4.072983","7.398597","5.2608","0"
"12.048261","12.396865","6.590142","11.086936","10.987456","13.366942","8.96102","8.35297","11.598533","8.921427","7.804198","5.69227","5.544293","6.784173","9.215948","7.171685","4.639216","5.334935","6.108004","5.682575","5.837958","3.981685","6.179939","5.154778","4.310931","3.856502","3.65937","3.366722","8.522546","4.624578","4.868347","3.129106","3.933963","3.956721","3.994556","5.278861","4.850104","3.748844","3.555977","4.844704","5.252339","3.722048","4.041642","3.217686","3.414545","5.875782","10.641056","6.730217","6.105997","4.394563","3.315494","4.731686","4.012436","5.039061","3.485652","4.804825","4.54414","4.36617","3.58467","4.408073","4.924953","4.097813","3.097128","7.978729","5.327951","3.0349","3.919041","7.103334","4.255509","7.136499","3.67237","3.083388","4.152911","7.776234","4.158569","3.445852","6.073256","5.806201","10.300492","6.586102","12.821864","5.145148","4.87469","5.278312","6.715117","4.361164","3.167443","3.3376","3.33665","5.042753","9.053529","7.598138","6.559102","6.552429","6.872189","5.194","5.893981","5.900901","3.564137","6.550575","4.539327","0"
"12.081435","12.676871","6.847847","10.929441","10.729058","13.366942","8.848981","8.255775","11.712822","9.035426","7.948252","5.659096","4.819869","6.403239","8.428547","6.935112","4.918208","5.227768","5.911389","5.406272","5.030586","3.77647","5.838786","4.703419","4.131215","3.910731","3.898416","3.584362","8.773211","3.931014","4.933371","3.275528","3.911234","3.829503","4.007698","4.629796","4.520567","3.494127","3.587375","5.219041","5.134714","4.266348","4.029371","3.201514","3.185309","5.732713","10.935162","6.675713","5.120337","4.721445","3.241784","3.989726","4.228584","4.924458","3.526202","4.713294","4.382989","4.347958","3.659872","4.681602","5.188543","3.7012","3.069027","7.375936","4.973606","3.153145","3.76958","7.815312","4.5622","7.429054","3.215998","3.277378","4.040055","7.495259","3.677753","3.315494","6.088698","5.569229","11.069472","6.942531","12.886792","4.806147","4.548448","5.895144","7.34148","4.528189","3.515165","3.297812","3.448561","4.984367","9.152702","7.523543","6.315684","6.855518","7.165164","5.471654","6.212114","5.759449","3.504224","5.926287","4.796297","1"
"11.897492","12.419251","6.587237","11.185585","10.646318","13.177504","9.13199","8.056472","11.612927","9.269954","7.916537","5.18516","5.453431","6.55199","9.036706","7.236106","4.921968","5.218873","5.685612","5.523619","5.476698","3.767736","6.189565","5.980346","4.45353","3.554831","3.547412","3.375832","8.588293","3.833019","4.870127","3.266564","4.116877","3.902153","3.973764","5.30097","4.973092","3.631802","3.609584","4.895484","5.566279","4.094283","4.929281","3.275528","3.343405","6.049837","10.536929","6.88097","6.068307","4.750444","3.056706","4.228805","3.70389","5.023826","3.519255","4.90132","4.969104","4.308094","3.70389","4.338269","4.862187","3.946548","3.196168","7.953327","5.090859","2.974742","4.218011","7.674037","4.462","7.449704","3.352997","3.148108","4.343519","8.004655","3.691259","3.288598","6.10162","5.519776","11.59038","6.607098","12.723359","4.965125","4.692305","5.095374","7.321975","4.338269","3.681036","3.32152","3.519255","4.97871","8.855006","7.634088","6.470252","6.510338","7.090911","5.202385","6.105997","5.858984","3.275047","6.153509","4.466638","1"
"11.94509","12.274459","6.674373","11.099085","10.902392","13.412951","8.554654","7.834726","11.571515","8.679775","7.640575","5.491798","4.953782","6.652254","8.89655","7.251898","4.973677","5.25834","5.554989","5.661771","5.220603","3.872231","6.269663","4.659506","4.489417","3.43191","3.733302","3.461492","8.66141","4.273972","4.92952","3.160034","3.730481","4.023703","3.970115","5.784595","4.56169","3.598996","3.520209","4.877757","5.32208","3.979014","3.892652","3.273599","3.204412","5.832169","10.624025","6.668654","5.907589","4.735778","3.125273","4.897861","4.043902","4.844329","3.424986","4.811227","4.528948","4.310871","3.451304","4.263298","4.59988","3.922482","3.242028","8.03892","4.814148","3.07574","3.691093","7.740427","4.508314","7.322234","3.29756","3.178318","4.118102","7.720213","3.984478","3.613308","6.270931","5.753841","11.76924","6.895762","12.83958","5.078732","4.493495","5.428818","7.012702","4.444702","3.432255","3.247763","3.582204","5.19853","8.958938","7.371377","6.57769","6.830094","7.079092","5.10977","5.627979","5.965343","3.198339","6.528092","4.793436","1"
"11.902396","12.364632","6.597105","11.10252","11.033265","13.134101","8.592754","7.310933","11.621465","9.061473","7.802848","5.476747","5.647176","6.49232","9.028721","7.319875","4.803643","5.125211","5.579096","5.418303","5.203581","3.681671","6.359778","5.526662","4.545363","3.493308","3.428473","3.575971","8.632737","3.8879","4.998324","3.246345","4.079411","3.885867","4.102694","5.797599","5.146669","3.770394","3.55453","4.866123","5.614516","3.979441","3.97336","3.097571","3.273349","5.869421","10.404183","6.971858","5.613888","4.285338","3.299597","4.929228","4.146115","5.393496","3.528604","5.116986","4.970524","4.718325","3.722609","4.482338","4.835411","4.097813","3.039658","8.428026","5.110548","3.057934","3.794536","7.793466","4.67999","7.497229","3.38524","3.217425","4.4245","7.974243","3.975963","3.368497","6.274403","5.617576","13.014367","6.595177","12.796074","5.167375","4.799917","5.208443","7.095213","4.428216","3.293253","3.257242","3.489188","5.496381","8.883696","7.596713","6.475979","6.557423","6.13758","5.081144","5.943142","6.000589","3.499415","6.197592","4.802379","1"
"11.804195","12.493731","6.435122","11.192902","10.902392","13.336595","9.125613","8.041756","11.560654","8.90682","7.801338","5.201832","5.240119","6.554034","9.06608","7.443184","4.509876","5.391105","5.310641","5.56558","5.606351","3.866994","6.345565","5.995889","4.372949","3.552399","3.464799","3.452564","8.660926","3.767363","4.940936","3.404835","3.838661","3.914057","4.259954","5.55538","4.62327","3.783746","3.73857","5.043406","5.51671","3.925186","4.580508","3.179556","3.15776","5.882861","10.574122","6.688386","6.635414","4.64655","3.612679","4.488958","4.176029","5.13123","3.52759","4.858747","4.231938","4.618677","3.919971","4.620677","4.433954","3.763699","2.928208","7.892047","4.576911","3.181226","3.768592","7.875124","4.628604","7.443738","3.295437","3.248784","4.352191","7.635333","4.105354","3.395713","6.383736","5.623374","11.020827","6.936867","12.893233","4.580479","4.582305","5.221913","7.74267","3.935126","3.433972","3.301661","3.709398","5.109681","9.24103","7.387365","6.708976","6.733147","6.816581","5.296373","5.489822","5.999791","3.502355","6.619527","4.374892","1"
"11.902396","12.526182","6.58143","11.162779","10.972649","13.366942","9.117989","8.07598","11.798676","8.772133","7.778134","6.250151","5.421862","6.532396","9.014141","6.870365","4.910285","5.371375","5.664007","5.827887","5.762038","4.027633","6.337044","5.476698","4.522018","3.689265","3.499415","3.375622","8.317376","3.544455","4.865603","3.398702","3.864914","3.882293","4.033239","5.007634","4.35667","3.447924","3.444195","4.811001","5.159182","3.754445","4.267794","3.211844","3.171072","5.846327","10.819087","6.500826","5.246249","4.70925","3.197261","5.742051","4.138466","4.802398","3.31881","4.73596","4.611362","4.37881","3.671762","4.050263","5.011132","3.499222","3.275974","8.53636","4.909232","2.991507","3.816533","7.595464","4.387728","7.630318","3.525594","3.018605","4.158569","7.312923","3.942743","3.474049","6.025638","5.650967","9.908903","6.431382","12.893233","5.028706","4.768335","5.213971","6.846379","4.533315","3.414545","3.449547","3.61621","5.466149","8.934743","7.764872","6.748231","6.921879","6.976377","5.065115","5.663526","5.786073","3.423185","6.400606","4.613544","0"
"11.748046","12.337074","6.464996","11.216258","10.542904","13.206014","9.481504","8.013596","6.225506","9.694258","7.977129","5.524561","4.570232","6.386227","8.728012","7.271744","4.578076","5.16851","5.73464","5.487128","5.687233","3.861907","6.175963","5.192941","4.505176","3.684358","3.336193","3.509456","8.619459","3.746421","5.183789","3.123977","4.103943","4.10042","4.012239","4.710914","4.8272","3.658585","3.590254","4.857353","5.378826","4.079206","3.625904","3.207379","3.292767","6.097473","10.746448","6.716803","5.780685","4.346432","3.162366","4.354834","4.1079","4.899261","3.63371","4.970317","4.559815","4.317374","3.914057","4.557326","4.456173","3.610726","3.219417","8.071076","5.263647","3.051308","4.035344","7.422204","4.368948","7.622454","3.407315","3.213802","4.072645","7.735613","4.018294","3.310514","6.092931","5.705525","10.182791","6.483315","12.768643","4.840354","4.594357","5.469252","7.360044","4.338075","3.460277","3.380443","3.700419","4.998324","9.268405","7.750319","6.370295","6.593474","6.474962","5.155809","5.849339","5.784353","3.608097","6.049837","4.601035","1"
"12.193892","12.386846","6.847388","10.910563","10.56645","13.177504","8.505977","7.624894","5.860451","8.901242","7.833528","5.14603","5.317463","6.493412","9.071566","6.918997","4.979823","5.290884","5.625112","5.343528","5.148408","3.899716","6.411682","5.001298","4.492992","3.647839","3.448752","3.748265","8.589818","4.223698","5.100307","3.196512","4.051307","3.942502","4.014637","4.534346","5.045422","3.725075","3.623234","4.665937","5.473785","3.919406","3.918242","3.407074","3.262201","5.898065","10.536929","6.90153","5.938066","5.135822","3.336856","5.687609","4.029846","5.936789","3.577056","4.934991","4.607032","4.473889","3.644246","4.40366","4.96874","3.634492","3.343543","8.322799","5.20436","3.186008","4.268239","7.830107","4.431067","7.403048","3.352997","3.152177","4.146343","7.865361","4.062995","3.438758","6.140164","5.464133","10.902392","6.66564","12.852808","5.145261","4.717324","5.444558","6.813604","4.318592","3.436858","3.483564","3.593973","5.207504","8.858376","7.567905","6.682784","6.833479","6.958628","5.102069","6.167634","5.931142","3.513219","6.03075","4.529502","1"
"11.972335","12.617489","6.563771","11.29862","11.233915","13.262523","9.047378","7.762201","11.854154","8.660278","7.829776","6.221432","6.267013","6.325667","8.981818","7.462476","4.70872","5.605618","5.681039","5.682742","5.674387","3.747296","6.531533","5.171705","4.912785","3.94193","3.223316","3.644741","8.562258","4.092285","5.107426","3.203334","3.765296","4.177131","4.009605","5.151182","4.882228","3.661044","3.51954","5.100515","5.146141","4.07446","4.06668","3.33969","3.314241","5.870632","11.069472","6.69463","6.046527","4.518913","3.267162","5.089605","3.80865","4.977876","3.385033","4.994208","4.826497","4.33176","3.494377","4.00718","4.747825","3.544283","3.142168","8.312112","5.189329","2.997662","3.854612","7.138488","4.325896","7.460783","3.459702","3.207932","4.078992","7.4615","3.926828","3.475383","6.164086","5.621989","10.97865","6.410657","12.88138","5.014565","4.84702","5.474409","7.096848","4.438527","3.621468","3.191699","3.744416","5.643932","9.284026","7.690754","6.557423","7.16105","7.072024","5.550513","5.551865","5.843782","3.33904","6.358378","4.496075","0"
"11.82509","12.327366","6.466649","11.131595","10.815661","13.16881","9.359776","7.718415","11.575834","9.138745","7.72052","5.522846","5.131307","6.463248","8.9444","7.111772","4.91057","5.399416","5.582154","5.739747","5.724835","3.962522","6.285717","5.218716","4.276934","3.611919","3.620688","3.421789","8.491912","3.779571","4.951384","3.247023","3.964465","3.915646","4.035815","5.006249","4.81159","3.57061","3.500833","4.825121","5.195604","4.041257","4.434927","3.057637","3.34951","5.73429","10.681471","6.689821","5.732414","4.562914","3.021751","5.374513","4.080341","5.103733","3.704467","4.714228","4.327203","4.248797","3.608799","4.379872","4.35667","3.501943","3.280423","8.223838","5.286138","2.997285","3.944994","7.797015","4.382746","7.222785","3.441441","3.168195","4.291577","8.120293","3.893779","3.352997","5.859292","5.558724","9.940984","6.601334","12.740516","5.074508","4.630787","5.277722","7.382263","4.309027","3.376578","3.379936","3.606774","5.318272","9.109424","7.480503","6.354565","6.63009","6.804622","5.289806","6.007407","5.82667","3.430085","6.310958","4.66718","1"
"11.519341","12.513684","6.283759","10.721945","10.627674","13.141456","8.802265","8.501071","11.407377","8.7844","7.890489","5.87106","5.319929","6.927131","8.646199","6.95132","5.072385","5.088145","5.591441","6.004838","5.356378","3.944994","6.254805","5.077619","4.777111","3.944791","3.746951","3.410657","8.470127","4.043478","5.040859","3.174126","3.712714","4.009288","4.066079","4.988843","4.566611","3.531353","3.521977","4.817281","5.006492","3.969887","4.365843","3.250177","3.247525","6.080785","10.837604","6.517737","5.571587","4.368579","3.239054","4.08799","4.122845","5.079001","3.448847","4.673876","4.411991","4.40766","3.673779","4.315431","4.643714","3.5026","3.15346","8.502115","4.894777","2.983468","3.764144","7.779343","4.374586","7.746417","3.587442","3.17054","4.135898","7.751542","3.906247","3.315017","5.905616","5.398271","10.516182","6.628049","12.723359","4.816133","4.558088","5.385666","6.943303","4.214043","3.313474","3.34368","3.563943","5.175829","9.087571","7.517359","6.596328","6.563728","6.343492","4.965878","5.772199","5.72095","3.539826","6.471834","4.424152","1"
"11.654148","12.331889","6.760452","10.58829","10.308586","13.177504","9.683244","8.225936","11.644611","8.786474","7.686967","5.645146","5.007905","6.921436","8.648924","7.039507","4.38997","5.173103","6.127277","5.576433","5.847688","3.871513","6.149876","4.34377","4.817392","3.757118","3.728285","3.435223","8.524028","3.582843","4.91276","3.133149","4.108774","3.915646","3.946473","6.315","4.869887","3.776435","3.697002","5.114345","5.507614","3.846686","5.650731","3.3393","3.144416","6.303611","10.363233","7.010879","6.441819","5.038585","3.237723","3.912476","4.066493","5.181833","3.371251","5.052234","5.389222","4.532637","3.398539","4.469157","4.375725","3.949751","3.136291","7.859768","5.322236","2.988622","4.470285","7.744722","4.620149","7.82263","3.608799","3.078264","4.145508","8.070309","3.932406","3.358395","6.276815","5.612275","10.332294","6.765509","12.638168","5.115042","4.625932","4.921968","6.851022","4.206136","3.484964","3.305098","3.590811","5.03732","8.843855","7.423239","6.192379","6.547662","6.341057","5.41389","5.769974","5.958055","3.395508","6.739715","4.566393","1"
"11.972335","12.369717","6.699862","10.842198","11.060634","13.24328","8.478055","8.292209","6.174604","8.747956","8.027022","4.880686","5.496918","6.253184","9.1951","6.982982","4.676243","5.20325","5.646609","5.565913","4.907324","3.966586","6.519497","5.379913","4.56247","3.921596","3.524656","3.515654","8.570808","3.856663","5.132744","3.00032","4.037214","3.964878","4.039888","4.765718","5.032398","3.673463","3.609071","4.798499","5.684337","3.989624","4.477713","3.286596","3.34798","6.083892","10.748296","6.84051","6.154019","4.538341","3.325738","4.944524","4.072794","5.118728","3.452564","5.133862","4.758967","4.473573","3.579724","4.466283","5.261454","3.718119","3.034266","8.018274","5.018952","2.919143","3.892468","7.148247","4.35667","7.121433","3.549298","3.155515","4.14431","8.212897","3.84249","3.534749","6.634612","6.019982","10.65643","6.808628","12.852808","5.460082","4.764663","5.18037","7.096156","4.561021","3.319019","3.524857","3.64564","5.430503","8.76999","7.599603","7.070269","6.82287","6.755016","5.165864","5.147043","5.92837","3.466737","6.343908","4.387624","0"
